{
  "stones": {
    "stoneDiffuse": {
      "scale": [
        0.4921875,
        0.4921875
      ],
      "offset": [
        0.00390625,
        0.00390625
      ]
    },
    "stoneMossyDiffuse": {
      "scale": [
        0.4921875,
        0.4921875
      ],
      "offset": [
        0.00390625,
        0.50390625
      ]
    },
    "stoneMossyNormalAo": {
      "scale": [
        0.4921875,
        0.4921875
      ],
      "offset": [
        0.50390625,
        0.00390625
      ]
    },
    "stoneNormalAo": {
      "scale": [
        0.4921875,
        0.4921875
      ],
      "offset": [
        0.50390625,
        0.50390625
      ]
    }
  }
}