{
  "onePiece": {
    "luffyDifuse": {
      "scale": [
        0.484375,
        0.484375
      ],
      "offset": [
        0.0078125,
        0.0078125
      ]
    },
    "robinDiffuse": {
      "scale": [
        0.484375,
        0.484375
      ],
      "offset": [
        0.0078125,
        0.5078125
      ]
    },
    "sanjiDiffuse": {
      "scale": [
        0.484375,
        0.484375
      ],
      "offset": [
        0.5078125,
        0.0078125
      ]
    },
    "zoroDiffuse": {
      "scale": [
        0.484375,
        0.484375
      ],
      "offset": [
        0.5078125,
        0.5078125
      ]
    }
  }
}