{
  "flowers": {
    "2": {
      "scale": [
        0.4375,
        0.4375
      ],
      "offset": [
        0.03125,
        0.03125
      ]
    },
    "chatGPTImageApr92025010111AM": {
      "scale": [
        0.4375,
        0.4375
      ],
      "offset": [
        0.03125,
        0.53125
      ]
    },
    "chatGPTImageApr92025125808AM": {
      "scale": [
        0.4375,
        0.4375
      ],
      "offset": [
        0.53125,
        0.03125
      ]
    },
    "dandelionDiffusecopy": {
      "scale": [
        0.4375,
        0.4375
      ],
      "offset": [
        0.53125,
        0.53125
      ]
    }
  },
  "onePiece": {
    "luffyDifuse": {
      "scale": [
        0.484375,
        0.484375
      ],
      "offset": [
        0.0078125,
        0.0078125
      ]
    },
    "robinDiffuse": {
      "scale": [
        0.484375,
        0.484375
      ],
      "offset": [
        0.0078125,
        0.5078125
      ]
    },
    "sanjiDiffuse": {
      "scale": [
        0.484375,
        0.484375
      ],
      "offset": [
        0.5078125,
        0.0078125
      ]
    },
    "zoroDiffuse": {
      "scale": [
        0.484375,
        0.484375
      ],
      "offset": [
        0.5078125,
        0.5078125
      ]
    }
  },
  "stones": {
    "stoneDiffuse": {
      "scale": [
        0.4921875,
        0.4921875
      ],
      "offset": [
        0.00390625,
        0.00390625
      ]
    },
    "stoneMossyDiffuse": {
      "scale": [
        0.4921875,
        0.4921875
      ],
      "offset": [
        0.00390625,
        0.50390625
      ]
    },
    "stoneMossyNormalAo": {
      "scale": [
        0.4921875,
        0.4921875
      ],
      "offset": [
        0.50390625,
        0.00390625
      ]
    },
    "stoneNormalAo": {
      "scale": [
        0.4921875,
        0.4921875
      ],
      "offset": [
        0.50390625,
        0.50390625
      ]
    }
  }
}