{
  "linear_atlas": {
    "canopyNormal": {
      "scale": [
        0.494140625,
        0.494140625
      ],
      "offset": [
        0.0029296875,
        0.0029296875
      ]
    },
    "barkNormal": {
      "scale": [
        0.244140625,
        0.244140625
      ],
      "offset": [
        0.0029296875,
        0.5029296875
      ]
    },
    "concreteNormalAo": {
      "scale": [
        0.244140625,
        0.244140625
      ],
      "offset": [
        0.0029296875,
        0.7529296875
      ]
    },
    "sandNormalAo": {
      "scale": [
        0.244140625,
        0.244140625
      ],
      "offset": [
        0.2529296875,
        0.5029296875
      ]
    },
    "stoneLichenNormalAo": {
      "scale": [
        0.244140625,
        0.244140625
      ],
      "offset": [
        0.2529296875,
        0.7529296875
      ]
    },
    "stoneMossyNormalAo": {
      "scale": [
        0.244140625,
        0.244140625
      ],
      "offset": [
        0.5029296875,
        0.0029296875
      ]
    },
    "stoneNormalAo": {
      "scale": [
        0.244140625,
        0.244140625
      ],
      "offset": [
        0.7529296875,
        0.0029296875
      ]
    },
    "noise": {
      "scale": [
        0.119140625,
        0.119140625
      ],
      "offset": [
        0.5029296875,
        0.2529296875
      ]
    }
  },
  "srgb_atlas": {
    "canopyDiffuse": {
      "scale": [
        0.494140625,
        0.494140625
      ],
      "offset": [
        0.0029296875,
        0.0029296875
      ]
    },
    "barkDiffuse": {
      "scale": [
        0.244140625,
        0.244140625
      ],
      "offset": [
        0.0029296875,
        0.5029296875
      ]
    },
    "concreteDiffuse": {
      "scale": [
        0.119140625,
        0.119140625
      ],
      "offset": [
        0.0029296875,
        0.7529296875
      ]
    },
    "grassTerrainDiffuse": {
      "scale": [
        0.119140625,
        0.119140625
      ],
      "offset": [
        0.0029296875,
        0.8779296875
      ]
    },
    "stoneDiffuse": {
      "scale": [
        0.119140625,
        0.119140625
      ],
      "offset": [
        0.1279296875,
        0.7529296875
      ]
    },
    "stoneLichenDiffuse": {
      "scale": [
        0.119140625,
        0.119140625
      ],
      "offset": [
        0.1279296875,
        0.8779296875
      ]
    },
    "stoneMossyDiffuse": {
      "scale": [
        0.119140625,
        0.119140625
      ],
      "offset": [
        0.2529296875,
        0.5029296875
      ]
    }
  }
}